Sample (Male/Female/Unknown),Genotype (forward strand),Population(s),Father,Mother
HG00096 (M),A|G,"ALL, EUR, GBR",-,-
HG00097 (F),G|A,"ALL, EUR, GBR",-,-
HG00099 (F),G|G,"ALL, EUR, GBR",-,-
HG00100 (F),G|G,"ALL, EUR, GBR",-,-
HG00101 (M),A|G,"ALL, EUR, GBR",-,-
HG00102 (F),G|A,"ALL, EUR, GBR",-,-
HG00103 (M),G|G,"ALL, EUR, GBR",-,-
HG00105 (M),A|G,"ALL, EUR, GBR",-,-
HG00106 (F),G|A,"ALL, EUR, GBR",-,-
HG00107 (M),G|A,"ALL, EUR, GBR",-,-
HG00108 (M),G|G,"ALL, EUR, GBR",-,-
HG00109 (M),G|G,"ALL, EUR, GBR",-,-
HG00110 (F),G|G,"ALL, EUR, GBR",-,-
HG00111 (F),A|G,"ALL, EUR, GBR",-,-
HG00112 (M),G|G,"ALL, EUR, GBR",-,-
HG00113 (M),G|G,"ALL, EUR, GBR",-,-
HG00114 (M),A|G,"ALL, EUR, GBR",-,-
HG00115 (M),A|G,"ALL, EUR, GBR",-,-
HG00116 (M),G|A,"ALL, EUR, GBR",-,-
HG00117 (M),G|G,"ALL, EUR, GBR",-,-
HG00118 (F),G|G,"ALL, EUR, GBR",-,-
HG00119 (M),G|G,"ALL, EUR, GBR",-,-
HG00120 (F),A|G,"ALL, EUR, GBR",-,-
HG00121 (F),A|G,"ALL, EUR, GBR",-,-
HG00122 (F),G|A,"ALL, EUR, GBR",-,-
HG00123 (F),G|A,"ALL, EUR, GBR",-,-
HG00125 (F),G|A,"ALL, EUR, GBR",-,-
HG00126 (M),G|G,"ALL, EUR, GBR",-,-
HG00127 (F),G|G,"ALL, EUR, GBR",-,-
HG00128 (F),G|G,"ALL, EUR, GBR",-,-
HG00129 (M),A|A,"ALL, EUR, GBR",-,-
HG00130 (F),G|A,"ALL, EUR, GBR",-,-
HG00131 (M),G|G,"ALL, EUR, GBR",-,-
HG00132 (F),G|G,"ALL, EUR, GBR",-,-
HG00133 (F),G|G,"ALL, EUR, GBR",-,-
HG00136 (M),G|G,"ALL, EUR, GBR",-,-
HG00137 (F),G|G,"ALL, EUR, GBR",-,-
HG00138 (M),G|G,"ALL, EUR, GBR",-,-
HG00139 (M),A|A,"ALL, EUR, GBR",-,-
HG00140 (M),A|A,"ALL, EUR, GBR",-,-
HG00141 (M),G|G,"ALL, EUR, GBR",-,-
HG00142 (M),G|G,"ALL, EUR, GBR",-,-
HG00143 (M),A|G,"ALL, EUR, GBR",-,-
HG00145 (M),G|G,"ALL, EUR, GBR",-,-
HG00146 (F),A|G,"ALL, EUR, GBR",-,-
HG00148 (M),G|G,"ALL, EUR, GBR",-,-
HG00149 (M),G|G,"ALL, EUR, GBR",-,-
HG00150 (F),G|A,"ALL, EUR, GBR",-,-
HG00151 (M),A|A,"ALL, EUR, GBR",-,-
HG00154 (F),G|A,"ALL, EUR, GBR",-,-
HG00155 (M),A|G,"ALL, EUR, GBR",-,-
HG00157 (M),A|G,"ALL, EUR, GBR",-,-
HG00158 (F),A|G,"ALL, EUR, GBR",-,-
HG00159 (M),A|G,"ALL, EUR, GBR",-,-
HG00160 (M),A|G,"ALL, EUR, GBR",-,-
HG00171 (F),A|A,"ALL, EUR, FIN",-,-
HG00173 (F),G|A,"ALL, EUR, FIN",-,-
HG00174 (F),A|G,"ALL, EUR, FIN",-,-
HG00176 (F),A|G,"ALL, EUR, FIN",-,-
HG00177 (F),G|G,"ALL, EUR, FIN",-,-
HG00178 (F),A|G,"ALL, EUR, FIN",-,-
HG00179 (F),G|A,"ALL, EUR, FIN",-,-
HG00180 (F),G|G,"ALL, EUR, FIN",-,-
HG00181 (M),A|G,"ALL, EUR, FIN",-,-
HG00182 (M),G|G,"ALL, EUR, FIN",-,-
HG00183 (M),A|G,"ALL, EUR, FIN",-,-
HG00185 (M),G|A,"ALL, EUR, FIN",-,-
HG00186 (M),G|A,"ALL, EUR, FIN",-,-
HG00187 (M),G|G,"ALL, EUR, FIN",-,-
HG00188 (M),G|A,"ALL, EUR, FIN",-,-
HG00189 (M),G|G,"ALL, EUR, FIN",-,-
HG00190 (M),G|G,"ALL, EUR, FIN",-,-
HG00231 (F),G|G,"ALL, EUR, GBR",-,-
HG00232 (F),A|G,"ALL, EUR, GBR",-,-
HG00233 (F),G|A,"ALL, EUR, GBR",-,-
HG00234 (M),G|G,"ALL, EUR, GBR",-,-
HG00235 (F),A|A,"ALL, EUR, GBR",-,-
HG00236 (F),G|A,"ALL, EUR, GBR",-,-
HG00237 (F),G|G,"ALL, EUR, GBR",-,-
HG00238 (F),A|A,"ALL, EUR, GBR",-,-
HG00239 (F),A|G,"ALL, EUR, GBR",-,-
HG00240 (F),A|G,"ALL, EUR, GBR",-,-
HG00242 (M),A|G,"ALL, EUR, GBR",-,-
HG00243 (M),G|G,"ALL, EUR, GBR",-,-
HG00244 (M),G|G,"ALL, EUR, GBR",-,-
HG00245 (F),G|G,"ALL, EUR, GBR",-,-
HG00246 (M),G|G,"ALL, EUR, GBR",-,-
HG00250 (F),G|A,"ALL, EUR, GBR",-,-
HG00251 (M),A|G,"ALL, EUR, GBR",-,-
HG00252 (M),A|G,"ALL, EUR, GBR",-,-
HG00253 (F),G|A,"ALL, EUR, GBR",-,-
HG00254 (F),G|A,"ALL, EUR, GBR",-,-
HG00255 (F),G|G,"ALL, EUR, GBR",-,-
HG00256 (M),G|G,"ALL, EUR, GBR",-,-
HG00257 (F),G|A,"ALL, EUR, GBR",-,-
HG00258 (F),G|A,"ALL, EUR, GBR",-,-
HG00259 (F),G|G,"ALL, EUR, GBR",-,-
HG00260 (M),A|A,"ALL, EUR, GBR",-,-
HG00261 (F),G|G,"ALL, EUR, GBR",-,-
HG00262 (F),A|G,"ALL, EUR, GBR",-,-
HG00263 (F),G|G,"ALL, EUR, GBR",-,-
HG00264 (M),A|G,"ALL, EUR, GBR",-,-
HG00265 (M),G|A,"ALL, EUR, GBR",-,-
HG00266 (F),G|G,"ALL, EUR, FIN",-,-
HG00267 (M),A|G,"ALL, EUR, FIN",-,-
HG00268 (F),G|G,"ALL, EUR, FIN",-,-
HG00269 (F),G|A,"ALL, EUR, FIN",-,-
HG00271 (M),A|G,"ALL, EUR, FIN",-,-
HG00272 (F),G|G,"ALL, EUR, FIN",-,-
HG00273 (M),A|G,"ALL, EUR, FIN",-,-
HG00274 (F),G|G,"ALL, EUR, FIN",-,-
HG00275 (F),G|G,"ALL, EUR, FIN",-,-
HG00276 (F),G|G,"ALL, EUR, FIN",-,-
HG00277 (M),G|A,"ALL, EUR, FIN",-,-
HG00278 (M),G|G,"ALL, EUR, FIN",-,-
HG00280 (M),G|G,"ALL, EUR, FIN",-,-
HG00281 (F),G|G,"ALL, EUR, FIN",-,-
HG00282 (F),G|G,"ALL, EUR, FIN",-,-
HG00284 (M),A|G,"ALL, EUR, FIN",-,-
HG00285 (F),A|G,"ALL, EUR, FIN",-,-
HG00288 (F),G|G,"ALL, EUR, FIN",-,-
HG00290 (M),G|G,"ALL, EUR, FIN",-,-
HG00304 (F),G|A,"ALL, EUR, FIN",-,-
HG00306 (F),G|G,"ALL, EUR, FIN",-,-
HG00308 (M),G|A,"ALL, EUR, FIN",-,-
HG00309 (F),G|G,"ALL, EUR, FIN",-,-
HG00310 (M),A|G,"ALL, EUR, FIN",-,-
HG00311 (M),A|G,"ALL, EUR, FIN",-,-
HG00313 (F),G|G,"ALL, EUR, FIN",-,-
HG00315 (F),A|G,"ALL, EUR, FIN",-,-
HG00318 (F),A|A,"ALL, EUR, FIN",-,-
HG00319 (F),G|G,"ALL, EUR, FIN",-,-
HG00320 (F),A|G,"ALL, EUR, FIN",-,-
HG00321 (M),A|G,"ALL, EUR, FIN",-,-
HG00323 (F),G|G,"ALL, EUR, FIN",-,-
HG00324 (F),A|G,"ALL, EUR, FIN",-,-
HG00325 (M),G|G,"ALL, EUR, FIN",-,-
HG00326 (F),G|A,"ALL, EUR, FIN",-,-
HG00327 (F),G|G,"ALL, EUR, FIN",-,-
HG00328 (F),G|G,"ALL, EUR, FIN",-,-
HG00329 (M),G|A,"ALL, EUR, FIN",-,-
HG00330 (F),G|G,"ALL, EUR, FIN",-,-
HG00331 (F),G|G,"ALL, EUR, FIN",-,-
HG00332 (F),G|G,"ALL, EUR, FIN",-,-
HG00334 (F),G|G,"ALL, EUR, FIN",-,-
HG00335 (M),G|G,"ALL, EUR, FIN",-,-
HG00336 (M),A|G,"ALL, EUR, FIN",-,-
HG00337 (F),G|G,"ALL, EUR, FIN",-,-
HG00338 (M),A|G,"ALL, EUR, FIN",-,-
HG00339 (F),G|G,"ALL, EUR, FIN",-,-
HG00341 (M),G|G,"ALL, EUR, FIN",-,-
HG00342 (M),G|G,"ALL, EUR, FIN",-,-
HG00343 (F),A|G,"ALL, EUR, FIN",-,-
HG00344 (F),A|A,"ALL, EUR, FIN",-,-
HG00345 (M),G|G,"ALL, EUR, FIN",-,-
HG00346 (F),G|A,"ALL, EUR, FIN",-,-
HG00349 (F),G|G,"ALL, EUR, FIN",-,-
HG00350 (F),G|A,"ALL, EUR, FIN",-,-
HG00351 (M),G|G,"ALL, EUR, FIN",-,-
HG00353 (F),G|G,"ALL, EUR, FIN",-,-
HG00355 (F),G|A,"ALL, EUR, FIN",-,-
HG00356 (F),G|G,"ALL, EUR, FIN",-,-
HG00357 (F),G|G,"ALL, EUR, FIN",-,-
HG00358 (M),G|A,"ALL, EUR, FIN",-,-
HG00360 (M),G|G,"ALL, EUR, FIN",-,-
HG00361 (F),G|G,"ALL, EUR, FIN",-,-
HG00362 (F),A|G,"ALL, EUR, FIN",-,-
HG00364 (F),G|G,"ALL, EUR, FIN",-,-
HG00365 (F),A|G,"ALL, EUR, FIN",-,-
HG00366 (M),G|G,"ALL, EUR, FIN",-,-
HG00367 (F),G|G,"ALL, EUR, FIN",-,-
HG00368 (F),G|G,"ALL, EUR, FIN",-,-
HG00369 (M),A|G,"ALL, EUR, FIN",-,-
HG00371 (M),G|G,"ALL, EUR, FIN",-,-
HG00372 (M),G|G,"ALL, EUR, FIN",-,-
HG00373 (F),G|G,"ALL, EUR, FIN",-,-
HG00375 (M),G|G,"ALL, EUR, FIN",-,-
HG00376 (F),G|G,"ALL, EUR, FIN",-,-
HG00378 (F),G|A,"ALL, EUR, FIN",-,-
HG00379 (F),G|G,"ALL, EUR, FIN",-,-
HG00380 (F),A|G,"ALL, EUR, FIN",-,-
HG00381 (F),G|G,"ALL, EUR, FIN",-,-
HG00382 (M),G|G,"ALL, EUR, FIN",-,-
HG00383 (F),G|G,"ALL, EUR, FIN",-,-
HG00384 (F),A|A,"ALL, EUR, FIN",-,-
HG01334 (M),G|G,"ALL, EUR, GBR",-,-
HG01500 (M),A|G,"ALL, EUR, IBS",-,-
HG01501 (F),G|G,"ALL, EUR, IBS",-,-
HG01503 (M),G|A,"ALL, EUR, IBS",-,-
HG01504 (F),G|G,"ALL, EUR, IBS",-,-
HG01506 (M),A|G,"ALL, EUR, IBS",-,-
HG01507 (F),G|G,"ALL, EUR, IBS",-,-
HG01509 (M),G|G,"ALL, EUR, IBS",-,-
HG01510 (F),A|G,"ALL, EUR, IBS",-,-
HG01512 (M),A|G,"ALL, EUR, IBS",-,-
HG01513 (F),G|G,"ALL, EUR, IBS",-,-
HG01515 (M),G|G,"ALL, EUR, IBS",-,-
HG01516 (F),A|G,"ALL, EUR, IBS",-,-
HG01518 (M),G|A,"ALL, EUR, IBS",-,-
HG01519 (F),G|G,"ALL, EUR, IBS",-,-
HG01521 (M),A|G,"ALL, EUR, IBS",-,-
HG01522 (F),A|G,"ALL, EUR, IBS",-,-
HG01524 (M),G|A,"ALL, EUR, IBS",-,-
HG01525 (F),A|G,"ALL, EUR, IBS",-,-
HG01527 (M),G|G,"ALL, EUR, IBS",-,-
HG01528 (F),G|A,"ALL, EUR, IBS",-,-
HG01530 (M),G|G,"ALL, EUR, IBS",-,-
HG01531 (F),G|G,"ALL, EUR, IBS",-,-
HG01536 (M),G|G,"ALL, EUR, IBS",-,-
HG01537 (F),G|G,"ALL, EUR, IBS",-,-
HG01602 (F),G|A,"ALL, EUR, IBS",-,-
HG01603 (M),A|G,"ALL, EUR, IBS",-,-
HG01605 (F),G|A,"ALL, EUR, IBS",-,-
HG01606 (M),G|G,"ALL, EUR, IBS",-,-
HG01607 (F),G|G,"ALL, EUR, IBS",-,-
HG01608 (M),G|G,"ALL, EUR, IBS",-,-
HG01610 (M),G|A,"ALL, EUR, IBS",-,-
HG01612 (F),G|G,"ALL, EUR, IBS",-,-
HG01613 (F),G|G,"ALL, EUR, IBS",-,-
HG01615 (M),G|A,"ALL, EUR, IBS",-,-
HG01617 (M),G|G,"ALL, EUR, IBS",-,-
HG01618 (F),A|G,"ALL, EUR, IBS",-,-
HG01619 (M),A|G,"ALL, EUR, IBS",-,-
HG01620 (F),G|G,"ALL, EUR, IBS",-,-
HG01623 (F),G|A,"ALL, EUR, IBS",-,-
HG01624 (M),G|G,"ALL, EUR, IBS",-,-
HG01625 (M),G|A,"ALL, EUR, IBS",-,-
HG01626 (F),A|G,"ALL, EUR, IBS",-,-
HG01628 (F),G|G,"ALL, EUR, IBS",-,-
HG01630 (M),G|G,"ALL, EUR, IBS",-,-
HG01631 (M),G|G,"ALL, EUR, IBS",-,-
HG01632 (F),A|G,"ALL, EUR, IBS",-,-
HG01668 (F),G|G,"ALL, EUR, IBS",-,-
HG01669 (M),G|G,"ALL, EUR, IBS",-,-
HG01670 (F),G|G,"ALL, EUR, IBS",-,-
HG01672 (M),A|G,"ALL, EUR, IBS",-,-
HG01673 (F),G|G,"ALL, EUR, IBS",-,-
HG01675 (M),G|G,"ALL, EUR, IBS",-,-
HG01676 (F),G|G,"ALL, EUR, IBS",-,-
HG01678 (M),G|G,"ALL, EUR, IBS",-,-
HG01679 (F),G|G,"ALL, EUR, IBS",-,-
HG01680 (M),G|G,"ALL, EUR, IBS",-,-
HG01682 (M),A|G,"ALL, EUR, IBS",-,-
HG01684 (F),A|G,"ALL, EUR, IBS",-,-
HG01685 (F),A|G,"ALL, EUR, IBS",-,-
HG01686 (M),G|G,"ALL, EUR, IBS",-,-
HG01694 (M),G|G,"ALL, EUR, IBS",-,-
HG01695 (F),G|G,"ALL, EUR, IBS",-,-
HG01697 (F),G|G,"ALL, EUR, IBS",-,-
HG01699 (M),G|G,"ALL, EUR, IBS",-,-
HG01700 (M),G|G,"ALL, EUR, IBS",-,-
HG01702 (F),G|G,"ALL, EUR, IBS",-,-
HG01704 (F),G|G,"ALL, EUR, IBS",-,-
HG01705 (M),G|A,"ALL, EUR, IBS",-,-
HG01707 (F),G|A,"ALL, EUR, IBS",-,-
HG01708 (M),G|G,"ALL, EUR, IBS",-,-
HG01709 (M),G|G,"ALL, EUR, IBS",-,-
HG01710 (F),G|G,"ALL, EUR, IBS",-,-
HG01746 (F),G|A,"ALL, EUR, IBS",-,-
HG01747 (M),G|G,"ALL, EUR, IBS",-,-
HG01756 (M),G|G,"ALL, EUR, IBS",-,-
HG01757 (F),G|A,"ALL, EUR, IBS",-,-
HG01761 (M),G|A,"ALL, EUR, IBS",-,-
HG01762 (F),G|G,"ALL, EUR, IBS",-,-
HG01765 (M),G|A,"ALL, EUR, IBS",-,-
HG01766 (F),G|G,"ALL, EUR, IBS",-,-
HG01767 (M),G|G,"ALL, EUR, IBS",-,-
HG01768 (F),G|G,"ALL, EUR, IBS",-,-
HG01770 (F),G|A,"ALL, EUR, IBS",-,-
HG01771 (M),G|G,"ALL, EUR, IBS",-,-
HG01773 (F),G|G,"ALL, EUR, IBS",-,-
HG01775 (M),A|G,"ALL, EUR, IBS",-,-
HG01776 (F),G|A,"ALL, EUR, IBS",-,-
HG01777 (M),G|G,"ALL, EUR, IBS",-,-
HG01779 (F),G|A,"ALL, EUR, IBS",-,-
HG01781 (M),G|G,"ALL, EUR, IBS",-,-
HG01783 (M),G|G,"ALL, EUR, IBS",-,-
HG01784 (F),G|G,"ALL, EUR, IBS",-,-
HG01785 (M),A|A,"ALL, EUR, IBS",-,-
HG01786 (F),G|G,"ALL, EUR, IBS",-,-
HG01789 (M),G|A,"ALL, EUR, GBR",-,-
HG01790 (F),G|G,"ALL, EUR, GBR",-,-
HG01791 (M),G|G,"ALL, EUR, GBR",-,-
HG02215 (F),G|G,"ALL, EUR, GBR",-,-
HG02219 (M),G|G,"ALL, EUR, IBS",-,-
HG02220 (F),G|G,"ALL, EUR, IBS",-,-
HG02221 (M),A|G,"ALL, EUR, IBS",-,-
HG02223 (F),G|G,"ALL, EUR, IBS",-,-
HG02224 (M),G|G,"ALL, EUR, IBS",-,-
HG02230 (F),G|G,"ALL, EUR, IBS",-,-
HG02231 (M),A|G,"ALL, EUR, IBS",-,-
HG02232 (F),G|G,"ALL, EUR, IBS",-,-
HG02233 (M),G|G,"ALL, EUR, IBS",-,-
HG02235 (F),G|G,"ALL, EUR, IBS",-,-
HG02236 (M),G|G,"ALL, EUR, IBS",-,-
HG02238 (M),A|G,"ALL, EUR, IBS",-,-
HG02239 (F),G|G,"ALL, EUR, IBS",-,-
NA06984 (M),G|G,"ALL, CEU, EUR",-,-
NA06985 (F),G|A,"ALL, CEU, EUR",-,-
NA06986 (M),G|G,"ALL, CEU, EUR",-,-
NA06989 (F),G|G,"ALL, CEU, EUR",-,-
NA06994 (M),A|G,"ALL, CEU, EUR",-,-
NA07000 (F),G|G,"ALL, CEU, EUR",-,-
NA07037 (F),G|G,"ALL, CEU, EUR",-,-
NA07048 (M),G|G,"ALL, CEU, EUR",-,-
NA07051 (M),G|G,"ALL, CEU, EUR",-,-
NA07056 (F),G|A,"ALL, CEU, EUR",-,-
NA07347 (M),A|G,"ALL, CEU, EUR",-,-
NA07357 (M),G|G,"ALL, CEU, EUR",-,-
NA10847 (F),G|A,"ALL, CEU, EUR",-,-
NA10851 (M),G|A,"ALL, CEU, EUR",-,-
NA11829 (M),G|A,"ALL, CEU, EUR",-,-
NA11830 (F),G|G,"ALL, CEU, EUR",-,-
NA11831 (M),G|G,"ALL, CEU, EUR",-,-
NA11832 (F),G|G,"ALL, CEU, EUR",-,-
NA11840 (F),G|G,"ALL, CEU, EUR",-,-
NA11843 (M),A|G,"ALL, CEU, EUR",-,-
NA11881 (M),G|G,"ALL, CEU, EUR",-,-
NA11892 (F),A|A,"ALL, CEU, EUR",-,-
NA11893 (M),G|A,"ALL, CEU, EUR",-,-
NA11894 (F),G|G,"ALL, CEU, EUR",-,-
NA11918 (F),G|G,"ALL, CEU, EUR",-,-
NA11919 (M),G|G,"ALL, CEU, EUR",-,-
NA11920 (F),A|G,"ALL, CEU, EUR",-,-
NA11930 (M),G|G,"ALL, CEU, EUR",-,-
NA11931 (F),G|G,"ALL, CEU, EUR",-,-
NA11932 (M),A|G,"ALL, CEU, EUR",-,-
NA11933 (F),G|G,"ALL, CEU, EUR",-,-
NA11992 (M),A|G,"ALL, CEU, EUR",-,-
NA11994 (M),G|G,"ALL, CEU, EUR",-,-
NA11995 (F),G|G,"ALL, CEU, EUR",-,-
NA12003 (M),A|G,"ALL, CEU, EUR",-,-
NA12004 (F),A|A,"ALL, CEU, EUR",-,-
NA12005 (M),G|G,"ALL, CEU, EUR",-,-
NA12006 (F),G|G,"ALL, CEU, EUR",-,-
NA12043 (M),G|A,"ALL, CEU, EUR",-,-
NA12044 (F),G|G,"ALL, CEU, EUR",-,-
NA12045 (M),A|G,"ALL, CEU, EUR",-,-
NA12046 (F),G|G,"ALL, CEU, EUR",-,-
NA12058 (F),G|A,"ALL, CEU, EUR",-,-
NA12144 (M),G|A,"ALL, CEU, EUR",-,-
NA12154 (M),G|G,"ALL, CEU, EUR",-,-
NA12155 (M),A|G,"ALL, CEU, EUR",-,-
NA12156 (F),A|G,"ALL, CEU, EUR",-,-
NA12234 (F),A|G,"ALL, CEU, EUR",-,-
NA12249 (F),G|G,"ALL, CEU, EUR",-,-
NA12272 (M),A|G,"ALL, CEU, EUR",-,-
NA12273 (F),G|A,"ALL, CEU, EUR",-,-
NA12275 (F),A|G,"ALL, CEU, EUR",-,-
NA12282 (M),G|G,"ALL, CEU, EUR",-,-
NA12283 (F),G|G,"ALL, CEU, EUR",-,-
NA12286 (M),G|A,"ALL, CEU, EUR",-,-
NA12287 (F),A|G,"ALL, CEU, EUR",-,-
NA12340 (M),G|A,"ALL, CEU, EUR",-,-
NA12341 (F),G|G,"ALL, CEU, EUR",-,-
NA12342 (M),A|A,"ALL, CEU, EUR",-,-
NA12347 (M),G|G,"ALL, CEU, EUR",-,-
NA12348 (F),G|G,"ALL, CEU, EUR",-,-
NA12383 (F),G|G,"ALL, CEU, EUR",-,-
NA12399 (M),G|G,"ALL, CEU, EUR",-,-
NA12400 (F),G|G,"ALL, CEU, EUR",-,-
NA12413 (M),G|G,"ALL, CEU, EUR",-,-
NA12414 (F),A|G,"ALL, CEU, EUR",-,-
NA12489 (F),G|G,"ALL, CEU, EUR",-,-
NA12546 (M),G|G,"ALL, CEU, EUR",-,-
NA12716 (M),G|A,"ALL, CEU, EUR",-,-
NA12717 (F),G|A,"ALL, CEU, EUR",-,-
NA12718 (F),G|G,"ALL, CEU, EUR",-,-
NA12748 (M),G|G,"ALL, CEU, EUR",-,-
NA12749 (F),G|G,"ALL, CEU, EUR",-,-
NA12750 (M),G|G,"ALL, CEU, EUR",-,-
NA12751 (F),A|G,"ALL, CEU, EUR",-,-
NA12760 (M),A|G,"ALL, CEU, EUR",-,-
NA12761 (F),G|G,"ALL, CEU, EUR",-,-
NA12762 (M),G|G,"ALL, CEU, EUR",-,-
NA12763 (F),G|G,"ALL, CEU, EUR",-,-
NA12775 (M),G|G,"ALL, CEU, EUR",-,-
NA12776 (F),G|G,"ALL, CEU, EUR",-,-
NA12777 (M),A|A,"ALL, CEU, EUR",-,-
NA12778 (F),G|G,"ALL, CEU, EUR",-,-
NA12812 (M),G|G,"ALL, CEU, EUR",-,-
NA12813 (F),G|A,"ALL, CEU, EUR",-,-
NA12814 (M),G|A,"ALL, CEU, EUR",-,-
NA12815 (F),G|G,"ALL, CEU, EUR",-,-
NA12827 (M),G|G,"ALL, CEU, EUR",-,-
NA12828 (F),G|G,"ALL, CEU, EUR",-,-
NA12829 (M),G|G,"ALL, CEU, EUR",-,-
NA12830 (F),G|G,"ALL, CEU, EUR",-,-
NA12842 (M),G|A,"ALL, CEU, EUR",-,-
NA12843 (F),G|G,"ALL, CEU, EUR",-,-
NA12872 (M),A|A,"ALL, CEU, EUR",-,-
NA12873 (F),A|G,"ALL, CEU, EUR",-,-
NA12874 (M),G|G,"ALL, CEU, EUR",-,-
NA12878 (F),A|G,"ALL, CEU, EUR",-,-
NA12889 (M),G|G,"ALL, CEU, EUR",-,-
NA12890 (F),G|G,"ALL, CEU, EUR",-,-
NA20502 (F),G|G,"ALL, EUR, TSI",-,-
NA20503 (F),A|G,"ALL, EUR, TSI",-,-
NA20504 (F),G|G,"ALL, EUR, TSI",-,-
NA20505 (F),G|G,"ALL, EUR, TSI",-,-
NA20506 (F),G|G,"ALL, EUR, TSI",-,-
NA20507 (F),G|A,"ALL, EUR, TSI",-,-
NA20508 (F),A|G,"ALL, EUR, TSI",-,-
NA20509 (M),G|G,"ALL, EUR, TSI",-,-
NA20510 (M),G|A,"ALL, EUR, TSI",-,-
NA20511 (M),G|A,"ALL, EUR, TSI",-,-
NA20512 (M),G|G,"ALL, EUR, TSI",-,-
NA20513 (M),G|G,"ALL, EUR, TSI",-,-
NA20514 (F),A|G,"ALL, EUR, TSI",-,-
NA20515 (M),G|G,"ALL, EUR, TSI",-,-
NA20516 (M),G|G,"ALL, EUR, TSI",-,-
NA20517 (F),G|G,"ALL, EUR, TSI",-,-
NA20518 (M),G|A,"ALL, EUR, TSI",-,-
NA20519 (M),G|G,"ALL, EUR, TSI",-,-
NA20520 (M),G|G,"ALL, EUR, TSI",-,-
NA20521 (M),G|G,"ALL, EUR, TSI",-,-
NA20522 (F),G|G,"ALL, EUR, TSI",-,-
NA20524 (M),G|A,"ALL, EUR, TSI",-,-
NA20525 (M),G|G,"ALL, EUR, TSI",-,-
NA20527 (M),A|G,"ALL, EUR, TSI",-,-
NA20528 (M),G|A,"ALL, EUR, TSI",-,-
NA20529 (F),A|G,"ALL, EUR, TSI",-,-
NA20530 (F),G|G,"ALL, EUR, TSI",-,-
NA20531 (F),G|G,"ALL, EUR, TSI",-,-
NA20532 (M),G|G,"ALL, EUR, TSI",-,-
NA20533 (F),G|G,"ALL, EUR, TSI",-,-
NA20534 (M),G|G,"ALL, EUR, TSI",-,-
NA20535 (F),G|G,"ALL, EUR, TSI",-,-
NA20536 (M),G|G,"ALL, EUR, TSI",-,-
NA20538 (M),G|G,"ALL, EUR, TSI",-,-
NA20539 (M),G|G,"ALL, EUR, TSI",-,-
NA20540 (F),G|G,"ALL, EUR, TSI",-,-
NA20541 (F),G|A,"ALL, EUR, TSI",-,-
NA20542 (F),G|G,"ALL, EUR, TSI",-,-
NA20543 (M),G|A,"ALL, EUR, TSI",-,-
NA20544 (M),G|G,"ALL, EUR, TSI",-,-
NA20581 (M),G|G,"ALL, EUR, TSI",-,-
NA20582 (F),G|A,"ALL, EUR, TSI",-,-
NA20585 (F),G|A,"ALL, EUR, TSI",-,-
NA20586 (M),A|A,"ALL, EUR, TSI",-,-
NA20587 (F),G|A,"ALL, EUR, TSI",-,-
NA20588 (M),A|G,"ALL, EUR, TSI",-,-
NA20589 (F),G|G,"ALL, EUR, TSI",-,-
NA20752 (M),G|A,"ALL, EUR, TSI",-,-
NA20753 (F),A|G,"ALL, EUR, TSI",-,-
NA20754 (M),G|A,"ALL, EUR, TSI",-,-
NA20755 (M),G|G,"ALL, EUR, TSI",-,-
NA20756 (F),A|A,"ALL, EUR, TSI",-,-
NA20757 (F),G|A,"ALL, EUR, TSI",-,-
NA20758 (M),A|A,"ALL, EUR, TSI",-,-
NA20759 (M),G|G,"ALL, EUR, TSI",-,-
NA20760 (F),G|G,"ALL, EUR, TSI",-,-
NA20761 (F),G|G,"ALL, EUR, TSI",-,-
NA20762 (M),G|G,"ALL, EUR, TSI",-,-
NA20763 (M),G|G,"ALL, EUR, TSI",-,-
NA20764 (F),G|G,"ALL, EUR, TSI",-,-
NA20765 (M),A|A,"ALL, EUR, TSI",-,-
NA20766 (F),G|G,"ALL, EUR, TSI",-,-
NA20767 (M),A|A,"ALL, EUR, TSI",-,-
NA20768 (F),G|A,"ALL, EUR, TSI",-,-
NA20769 (F),A|G,"ALL, EUR, TSI",-,-
NA20770 (M),A|G,"ALL, EUR, TSI",-,-
NA20771 (F),A|G,"ALL, EUR, TSI",-,-
NA20772 (F),G|G,"ALL, EUR, TSI",-,-
NA20773 (F),G|G,"ALL, EUR, TSI",-,-
NA20774 (F),A|G,"ALL, EUR, TSI",-,-
NA20775 (F),A|G,"ALL, EUR, TSI",-,-
NA20778 (M),G|G,"ALL, EUR, TSI",-,-
NA20783 (M),G|A,"ALL, EUR, TSI",-,-
NA20785 (M),G|A,"ALL, EUR, TSI",-,-
NA20786 (F),G|A,"ALL, EUR, TSI",-,-
NA20787 (M),G|G,"ALL, EUR, TSI",-,-
NA20790 (F),G|G,"ALL, EUR, TSI",-,-
NA20792 (M),G|G,"ALL, EUR, TSI",-,-
NA20795 (F),G|G,"ALL, EUR, TSI",-,-
NA20796 (M),A|G,"ALL, EUR, TSI",-,-
NA20797 (F),G|G,"ALL, EUR, TSI",-,-
NA20798 (M),A|G,"ALL, EUR, TSI",-,-
NA20799 (F),G|A,"ALL, EUR, TSI",-,-
NA20800 (F),G|G,"ALL, EUR, TSI",-,-
NA20801 (M),G|G,"ALL, EUR, TSI",-,-
NA20802 (F),G|G,"ALL, EUR, TSI",-,-
NA20803 (M),G|G,"ALL, EUR, TSI",-,-
NA20804 (F),G|G,"ALL, EUR, TSI",-,-
NA20805 (M),G|G,"ALL, EUR, TSI",-,-
NA20806 (M),G|G,"ALL, EUR, TSI",-,-
NA20807 (F),G|G,"ALL, EUR, TSI",-,-
NA20808 (F),A|G,"ALL, EUR, TSI",-,-
NA20809 (M),A|G,"ALL, EUR, TSI",-,-
NA20810 (M),G|G,"ALL, EUR, TSI",-,-
NA20811 (M),G|A,"ALL, EUR, TSI",-,-
NA20812 (M),G|A,"ALL, EUR, TSI",-,-
NA20813 (F),G|A,"ALL, EUR, TSI",-,-
NA20814 (M),A|A,"ALL, EUR, TSI",-,-
NA20815 (M),A|A,"ALL, EUR, TSI",-,-
NA20818 (F),G|G,"ALL, EUR, TSI",-,-
NA20819 (F),G|G,"ALL, EUR, TSI",-,-
NA20821 (F),A|G,"ALL, EUR, TSI",-,-
NA20822 (F),G|A,"ALL, EUR, TSI",-,-
NA20826 (F),A|G,"ALL, EUR, TSI",-,-
NA20827 (M),A|G,"ALL, EUR, TSI",-,-
NA20828 (F),G|G,"ALL, EUR, TSI",-,-
NA20832 (F),G|A,"ALL, EUR, TSI",-,-
